
INSERT INTO SOFTWARE(ID, NAME, VERSION) VALUES (1, 'powertrain', 3)
INSERT INTO SOFTWARE(ID, NAME, VERSION) VALUES (2, 'ecu_controller', 2)
INSERT INTO SOFTWARE(ID, NAME, VERSION) VALUES (3, 'radio_controller', 2)
INSERT INTO SOFTWARE(ID, NAME, VERSION) VALUES (4, 'seatpack', 3)
INSERT INTO SOFTWARE(ID, NAME, VERSION) VALUES (5, 'hud', 4)


INSERT INTO ECU(ID) VALUES (1)
INSERT INTO ECU(ID) VALUES (2)
INSERT INTO ECU(ID) VALUES (3)
INSERT INTO ECU(ID) VALUES (4)
INSERT INTO ECU(ID) VALUES (5)
INSERT INTO ECU(ID) VALUES (6)

INSERT INTO VEHICLE(id) VALUES (1)
INSERT INTO VEHICLE(id) VALUES (2)
INSERT INTO VEHICLE(id) VALUES (3)
INSERT INTO VEHICLE(id) VALUES (4)
INSERT INTO VEHICLE(id) VALUES (5)
INSERT INTO VEHICLE(id) VALUES (6)


INSERT INTO VEHICLE_ECU(ecu_id, vehicle_id) VALUES (1, 2)
INSERT INTO VEHICLE_ECU(ecu_id, vehicle_id) VALUES (1, 3)
INSERT INTO VEHICLE_ECU(ecu_id, vehicle_id) VALUES (2, 5)
INSERT INTO VEHICLE_ECU(ecu_id, vehicle_id) VALUES (3, 1)
INSERT INTO VEHICLE_ECU(ecu_id, vehicle_id) VALUES (3, 4)
INSERT INTO VEHICLE_ECU(ecu_id, vehicle_id) VALUES (4, 5)
INSERT INTO VEHICLE_ECU(ecu_id, vehicle_id) VALUES (5, 1)
INSERT INTO VEHICLE_ECU(ecu_id, vehicle_id) VALUES (5, 3)
INSERT INTO VEHICLE_ECU(ecu_id, vehicle_id) VALUES (6, 4)
INSERT INTO VEHICLE_ECU(ecu_id, vehicle_id) VALUES (6, 5)



INSERT INTO SOFTWARE_ECU(ecu_id, software_id) VALUES (1, 1)
INSERT INTO SOFTWARE_ECU(ecu_id, software_id) VALUES (1, 3)
INSERT INTO SOFTWARE_ECU(ecu_id, software_id) VALUES (1, 5)
INSERT INTO SOFTWARE_ECU(ecu_id, software_id) VALUES (2, 1)
INSERT INTO SOFTWARE_ECU(ecu_id, software_id) VALUES (2, 5)
INSERT INTO SOFTWARE_ECU(ecu_id, software_id) VALUES (3, 1)
INSERT INTO SOFTWARE_ECU(ecu_id, software_id) VALUES (3, 4)
INSERT INTO SOFTWARE_ECU(ecu_id, software_id) VALUES (4, 2)
INSERT INTO SOFTWARE_ECU(ecu_id, software_id) VALUES (4, 3)
INSERT INTO SOFTWARE_ECU(ecu_id, software_id) VALUES (4, 4)
INSERT INTO SOFTWARE_ECU(ecu_id, software_id) VALUES (4, 5)
INSERT INTO SOFTWARE_ECU(ecu_id, software_id) VALUES (5, 1)
INSERT INTO SOFTWARE_ECU(ecu_id, software_id) VALUES (5, 2)
INSERT INTO SOFTWARE_ECU(ecu_id, software_id) VALUES (6, 1)
INSERT INTO SOFTWARE_ECU(ecu_id, software_id) VALUES (6, 4)
INSERT INTO SOFTWARE_ECU(ecu_id, software_id) VALUES (6, 5)

